"HLA","experimental_binder","count","percentage","netmhc_filter"
"HLAA0201",FALSE,7,43.75,"2"
"HLAA0201",TRUE,9,56.25,"2"
"HLAA0301",FALSE,19,70.3703703703704,"2"
"HLAA0301",TRUE,8,29.6296296296296,"2"
"HLAA2402",FALSE,4,66.6666666666667,"2"
"HLAA2402",TRUE,2,33.3333333333333,"2"
"HLAB0702",FALSE,9,64.2857142857143,"2"
"HLAB0702",TRUE,5,35.7142857142857,"2"
"HLAB0801",FALSE,15,83.3333333333333,"2"
"HLAB0801",TRUE,3,16.6666666666667,"2"
"HLAB2705",FALSE,2,28.5714285714286,"2"
"HLAB2705",TRUE,5,71.4285714285714,"2"
"HLAA0201",FALSE,4,40,"0.5"
"HLAA0201",TRUE,6,60,"0.5"
"HLAA0301",FALSE,6,54.5454545454545,"0.5"
"HLAA0301",TRUE,5,45.4545454545455,"0.5"
"HLAA2402",TRUE,1,100,"0.5"
"HLAB0702",FALSE,3,42.8571428571429,"0.5"
"HLAB0702",TRUE,4,57.1428571428571,"0.5"
"HLAB0801",FALSE,7,77.7777777777778,"0.5"
"HLAB0801",TRUE,2,22.2222222222222,"0.5"
"HLAB2705",FALSE,2,28.5714285714286,"0.5"
"HLAB2705",TRUE,5,71.4285714285714,"0.5"
